Date,ID,Title,Text,Upvotes,Downvotes
2022-05-26 21:26:58,uyhz2k,The new Noun times üëÄ,,1,0
2022-05-26 20:58:09,uyhcsj,Make easy money and invest!,,1,0
2022-05-26 20:56:57,uyhbxe,"Dogecoin price analysis: DOGE falls into another bearish pit after declining to lowest level since May 12, 2022",,0,0
2022-05-26 20:56:57,uyhbx0,Ultimate Guide to Metagovernance,,0,0
2022-05-26 20:53:03,uyh8pr,"Ethereum Struggles Under $2K, Why Bears Stay In Motion",,0,0
2022-05-26 20:25:44,uygo4p,"FREE NFT CALENDAR (ETH, ADA, BNB, SOL, MATIC)üî• newnftspace.com"," 

‚ú®Link: [https://newnftspace.com](https://newnftspace.com/)

‚ú®Get Listed: [https://docs.google.com/forms/d/19HntHIn7eB02Uu9O0SKb0WrQKSXudL7azS2ZhN8FpO4](https://docs.google.com/forms/d/19HntHIn7eB02Uu9O0SKb0WrQKSXudL7azS2ZhN8FpO4)",0,0
2022-05-26 20:19:35,uygjhj,"Ethereum Gaming Daos Yield Guild, Merit Circle In Dispute Over Funding",,0,0
2022-05-26 20:01:57,uyg5sl,THORChain Price Prediction 2022-2030: Will RUNE hit $20 Soon?,,0,0
2022-05-26 19:56:57,uyg1ry,MetaMask to help crypto fraud victims retrieve stolen assets,,1,0
2022-05-26 19:54:05,uyfzit,Why is the metaverse important?,"The Metaverse, as a key digital invention of the twenty-first century, holds a lot of potentials. We've seen so many things that are currently developing or are going to, there are numerous plans for this project which seem promising.  


Have you seen how many people have begun to purchase virtual land? That is why we have an expanding number of metaverse platforms, we may soon acquire land on Aurora 42 and other such platforms, it's no longer about 4 main resellers (Sandbox, Decentraland, CryptoVoxels, and Somnium Space), this number started to increase as well.   


The Metaverse strives to give a new worldview articulated through the following challenges:  


For the first time, the actual and virtual worlds are linked.  
Interconnecting everyone, regardless of geographical boundaries or borders.  
Getting rid of cognitive biases, anxiety, shyness, and psychological barriers.  
Proposing a hedonistic view of the world, suited to epicurean personalities, for whom everything is ultimately feasible.  


So, what do you think, are you in? Do you like the idea?   


Why do I believe in this idea? The reason for this is that the metaverse will surely generate opportunities for new sorts of business models that we haven't even considered yet. What is your reason?",0,0
2022-05-26 19:50:23,uyfwkp,"Hello! I entered a fraudulent platform where they do not return my money from the platform is called Fic11.com, the platform is for trading cryptocurrencies I have stuck over 9000 dollars please be careful what you do on social networks not to be deceived and you",[removed],1,0
2022-05-26 19:41:57,uyfpyw,Polygon launches an ‚Äòuncapped multi-million dollar fund‚Äô to help Terra projects migrate to its platform,,1,0
2022-05-26 19:41:57,uyfpyv,EU lawmakers demand urgent cryptocurrency regulations amid soaring inflation,,1,0
2022-05-26 19:40:56,uyfp6s,Feudology | Official Trailer 2022.2,,1,0
2022-05-26 19:32:19,uyfidf,Two thought experiments to evaluate automated stablecoins - Posted by Vitalik,,1,0
2022-05-26 19:31:58,uyfi3n,Grayscale CEO gives take on crypto market pullback,,1,0
2022-05-26 19:30:54,uyfhbd,Is there any advice for average computer users? Do you use any of these privacy protections?,"For public blockchains that allow smart contracts, blockchain privacy is a big problem. Many individuals have begun to use this technology to protect their data and privacy, which I fully endorse after learning about all of its advantages on the Modex website the other day.  


A substantial amount of money and other items are at stake. So, if you want to keep your bitcoin assets private, consider using a blockchain solution. I'm considering it; at first, I thought Modex would be fantastic, but as I've discovered, it's better for companies.  


Is there any advice for average computer users? Do you use any of these privacy protections?  


Since these programs and tools are becoming more popular, some people, even if they have worked with cryptocurrencies for a long time, believe they should not be used. Do you know how simple it is to connect people through transactions?  


Given the absence of names in the transactions, it is feasible to connect people. For example, the more often an address appears, the simpler it is to associate it with a certain individual.  


Which of these blockchain solutions do you think it's safest and most useful?",2,0
2022-05-26 19:28:07,uyfezl,Two thought experiments to evaluate automated stablecoins - Posted by Vitalik.,[deleted],1,0
2022-05-26 19:27:01,uyfe4g,Does anyone know if McDonald's is still hiring people? I ask for a friend,"Don't ask me how I'm doing with crypto... I just need a temporary job

Thanks",0,0
2022-05-26 19:04:10,uyevw5,Has anyone here participated in voting in the apollo creator contest? Really cool concept and use case IMO,,23,0
2022-05-26 19:02:49,uyeut0,UtopiaP2P- Is not just the solution its the answer," Utopia p2p is not just a platform that offers a comprehensive solution to the problem of privacy, security, online storage, secure instant messaging, encrypted e-mail communication, anonymous payments, and private web 3.0 browsing.  
 It is a platform that makes this solution easily accessible to any user and convenient because any project that wants to seriously change the situation with privacy, communication, and other crypto investment activities on the Internet is simply obliged to provide its users with an easy start and convenient work.  


Nevertheless, transactions in Crypton coin within the Utopia ecosystem are processed instantly, and for the convenience of e-commerce, the coin is split up into 9 decimal places.   


Learn more on :  


https://u.is/en/  
https://crp.is/  
https://t.me/utopiachatoff",0,0
2022-05-26 18:59:20,uyersi,"Male artists represent 77% of NFT art sales, while female artists represent only 5%","I love the notion of women developing NFT projects that are at the top of the rankings and are constantly shaping the web3 business. Of course, none of this is about money, there are other reasons for this.  


Many female NFT artists are using their NFTs to make the crypto, web3, blockchain, and NFT worlds more diverse and inclusive. There's a visible gender disparity in crypto, with more males than women. Male artists represent 77% of NFT art sales, while female artists represent only 5%.  


There are some great women-led NFT projects such as  World of Women NFT, Boss Beauties, No More, WomenRise, etc.  


Do you know maybe some great women-led NFT projects?  


I believe this is only the beginning of what is to come in the NFT business, as these empowering and motivating women and girls highlight the numerous advantages of learning about NFTs, web 3.0, the blockchain, and crypto.  


Do you believe that these NFT collections will allow women to be heard when it comes to some major issues?",0,0
2022-05-26 18:53:37,uyen9s,$HMTXF employs an adept engineer as vice president of operations.,[removed],1,0
2022-05-26 18:41:54,uyee45,Company Behind Tether (USDT) Launches New Stablecoin Pegged to Mexican Peso,,2,0
2022-05-26 18:19:10,uydw6g,"IMF Chief Asks Investors Not to Shun All Crypto After Collapse of LUNA, UST",,2,0
2022-05-26 18:09:10,uydodd,Thailand Exempts Crypto Transfers from Tax until late 2023.,,3,0
2022-05-26 18:06:53,uydml1,Ethereum-Based Gaming Project Rallies After Coinbase Announces Surprise Altcoin Listing,,0,0
2022-05-26 18:02:11,uydiwd,Ethereum Beacon Chain Experiences 7 Block Reorg: Here‚Äôs What That Means,,1,0
2022-05-26 18:01:54,uydior,Ontology Price Prediction 2022-2030: How soon will ONT hit $10?,,0,0
2022-05-26 17:57:00,uydep3,Altcoins Will Make You Poor ! Should You Sell Your Altcoins ?,,1,0
2022-05-26 17:56:54,uydemb,NKN Price Prediction 2022-2030: What Drives NKN Prices?,,0,0
2022-05-26 17:46:53,uyd73e,Ethereum price dips below the $1.8K support as bears prepare for Friday‚Äôs $1B options expiry,,6,0
2022-05-26 17:11:54,uycg4v,"Bitcoin price analysis: BTC spikes below $29,000, swiftly returns to the previous consolidation area",,1,0
2022-05-26 17:06:29,uycbvp,Powers On‚Ä¶ When will we learn from recent history to protect our crypto and ourselves?,,1,0
2022-05-26 17:03:58,uyc9sv,"65,000 ETH (122,602,045 USD) transferred from Gemini to unknown wallet. This is how you buy the dip.",,2,0
2022-05-26 16:52:51,uyc133,Can GameStop Take on Robinhood With Its Ethereum Wallet?,,2,0
2022-05-26 16:48:59,uyby3u,Another sign that long-term crypto adoption is moving forward,,2,0
2022-05-26 16:47:55,uybxal,Another sign that long-term crypto adoption is moving forward,[deleted],1,0
2022-05-26 16:38:39,uybq5x,Ethereum Fees Reach Lowest Level Since Last Summer!,,1,0
2022-05-26 16:38:00,uybpoe,Hacker Steal Your Crypto? New MetaMask Tool Could Help You Get it Back.,,3,0
2022-05-26 16:36:56,uybosx,Luna‚Äôs Resurrection: Information You Need To Know Ahead of Launch,,0,0
2022-05-26 16:36:47,uyboom,Ethereum Beacon Chain experiences 7 block reorg: What‚Äôs going on?,,1,0
2022-05-26 16:32:32,uyblaw,The Demands for Cross-chain Transactions Between Ethereum and Other Blockchains Have been Soaring,,1,0
2022-05-26 16:32:31,uybla8,Ethereum Drops To Lowest Level Against Bitcoin Since October 2021,,1,0
2022-05-26 16:16:53,uyb8vf,Tether eyes the Mexican market with a Peso pegged stablecoin,,1,0
2022-05-26 16:16:52,uyb8v0,120 - Reinventing the Internet | Marc Andreessen & Chris Dixon of a16z,,0,0
2022-05-26 16:11:53,uyb4tk,Crypto regulation: EU regulator calls for a formal legal framework,,1,0
2022-05-26 16:01:55,uyawqv,How the LUNA 2.0 airdrop will be distributed on May 27,,0,0
2022-05-26 15:59:45,uyautp,What are some of the MMORPG P2E NFT games to play in 2022 and what are the positive & negative points of the game according to your view?," Massively Multiplayer Online Role-Playing Games (MMORPG) have been growing nowadays and I have growing so much interest in them . Since the launch of NFT games, playing video games has provided a unique experience by offering substantial value to players' activities or characters in video games, the blockchain has made them worthwhile to play.

I did some research on these MMORPG NFT games and was curious about your opinions on them:

[The Summoner](https://thesummoner.io/) : The Summoner is a free MMORPG play-to-earn (P2E) game on the Polygon network where users battle world bosses, conquer different levels, and participate in the PVP Arena with other Summoners, which I found out about a few weeks ago. Players can use in-game currency to upgrade Summoner creatures, buy mystery boxes, or convert to real money in the Summoner economy. Summoner provides seasonal in-game activities as well as a first-in-P2E NFT put option for profitable play-to-earn chances. It is supported by BIFROST's multichain technology. 

[SolChicks](https://www.solchicks.io/) : SolChicks is a fantasy Play-to-Earn game based on the SolChick NFT collectibles, in which players utilize their SolChicks as characters in another gaming universe. It is a game that will undoubtedly acquire popularity. This project is one of the most intriguing at the time, thanks to its well-designed environment, amazing graphics, and gameplay. The only thing that can irritate gamers is that the game is not available for free.

[Sidus](https://sidusheroes.com/#:~:text=SIDUS%20transports%20players%20to%20a,race%20they%20were%20born%20into.) : This is on the ethereum blockchain and it brings players to a universe built on crypto and blockchain philosophy, where a significant technological shift has occurred. In SIDUS, all living things have merged with technology. Each NFT can be turned into a gaming character, allowing users to embark on a journey of space exploration, power struggles, and never-ending warfare. $SIDUS Token (Gaming token) Staking - Players can stake their NFTs in exchange for NFTS payments. SIDUS has three stake levels: Original, Rare, and Legendary. By locking their NFT tokens, users can farm NTFS tokens (s).

I would love to know about the experiences you have had on these games and also recommend any games that are promising!!!!",194,0
2022-05-26 15:59:07,uyaube,When was the last time you used crypto to buy something ?,"So do any of you use crypto to buy stuff, I mean cryptos are currency  but people treat them more as stocks than currency as they usually just trade them or buy them on exchanges like Durafi and Binance rather than buying stuff with them although more and more companies are making it possible to do so. I personally can't remember when was the last time I purchased something with crypto.  


It is understandable of course people that have BTC or ETH don't want to 'deplete' their crypto, and people that have altcoins are  waiting for the right moment hoping that their value will increase overtime.  


We all heard the stories from the early days of BTC when people bought pizzas with it, and nobody I guess wants to be the guy giving the interview to a local newspaper in 5 years from now, on how he used 20 coins that are now worth 50k to buy himself a double cheeseburger with extra large fries.  


So with all this said do you think it is wise to buy things with crypto or not ?",1,0
2022-05-26 15:52:53,uyapcp,How to Earn Passive Income DAILY by Staking a Sayre NFT,,0,0
2022-05-26 15:48:45,uyam9o,Best platform to Invest in ETH? What's your suggestion?,[removed],1,0
2022-05-26 15:32:19,uya9j7,MetaMask Has a Plan to Help Victims of Crypto Scams,,2,0
2022-05-26 15:27:16,uya5ks,Crypto Investors Roleplaying as Pee-Obsessed Goblins to Cope With Crash,,0,0
2022-05-26 15:17:59,uy9y8d,ArcadeLand is building the ultimate gaming Metaver,[removed],1,0
2022-05-26 15:12:45,uy9u0d,Fear and Low Sentiment - Weekly Market Update,,17,0
2022-05-26 15:09:26,uy9reu,XcelTrip Now Supports Shiba Inu Payments Across 3 Service Industries,,1,0
2022-05-26 14:36:51,uy91un,"Ethereum price analysis: ETH breaks consolidation, spikes to $1,725",,0,0
2022-05-26 14:31:49,uy8y2a,Top Crypto Analyst Warns Bitcoin (BTC) and Ethereum (ETH) Need a ‚ÄòMiracle Rally‚Äô To Avoid Diving Lower,,0,0
2022-05-26 14:31:43,uy8xzc,Ethereum‚Äôs Beacon Network Deals With a 7-Block Chain Reorganization,,0,0
2022-05-26 14:19:31,uy8oso,"The highest value use case for a coin or token is MONEY. Since nothing inside the Ethereum Network has established itself as MONEY except for stablecoins and bitcoin (which is why they make up 85% of its volume), Ethereum is an IOU database. So what inevitable ""flippening"" is more embarrassing?","[removed]

[View Poll](https://www.reddit.com/poll/uy8oso)",1,0
2022-05-26 13:34:44,uy7rr1,Nationwide disruption to card payments in Germany 2022,,1,0
2022-05-26 13:34:31,uy7rle,Coinbase CEO Brian Armstrong Says Biden Administration Sending Positive Signals on Future of Crypto Industry in the US - The Daily Hodl,,0,0
2022-05-26 13:34:18,uy7rf0,Over $110 Million in Crypto Liquidated as BTC and ETH Suffer More Losses,,0,0
2022-05-26 13:34:02,uy7r89,Move over NFTs: Ethereum founder Vitalik Buterin sees ‚Äòsoulbound tokens‚Äô as the next big thing in Web3,,1,0
2022-05-26 13:33:44,uy7r0d,Bitcoin Adopter‚Äôs African Crypto Hub Plan Has World Bank Vexed,,1,0
2022-05-26 13:33:20,uy7qqb,Tether launches a new stablecoin pegged to the Mexican peso,,3,0
2022-05-26 13:32:53,uy7qeg,The Crypto Kings Are Making Big Political Donations. What Could Go Wrong?,,2,0
2022-05-26 13:32:37,uy7q7t,Not Trippin': Solana Overtakes Ethereum in Daily NFT Trading Volume - Decrypt,,1,0
2022-05-26 13:32:23,uy7q28,Beacon Chain Suffered The Longest Blockchain ‚ÄúReorg‚Äù In Years,,1,0
2022-05-26 13:32:15,uy7pyo,Portugal‚Äôs Parliament rejects Bitcoin and crypto tax proposals,,1,0
2022-05-26 13:31:43,uy7plf,Crypto Is Now Accepted By One Of Brazil's Leading Real Estate Companies,,1,0
2022-05-26 13:31:25,uy7pd7,Can MBX be a game changer in the GameFi market?,,1,0
2022-05-26 13:31:03,uy7p2q,Circle Asks US Fed Not to Step on Its Toes by Launching a Digital Dollar,,1,0
2022-05-26 13:30:47,uy7ovs,Binance signs MoU with The Ministry of Digital Development of the Republic of Kazakhstan | Binance Blog,,1,0
2022-05-26 13:30:19,uy7ok8,China Supreme Court calls for mass blockchain adoption in judicial system,,1,0
2022-05-26 13:30:04,uy7odm,Winklevoss twins banking on crypto comeback,,1,0
2022-05-26 13:29:40,uy7o1r,Miami Mayor Suarez Says He Still Gets His Salary In Crypto,,3,0
2022-05-26 13:29:14,uy7nqv,Portugal‚Äôs Parliament Says No to Crypto Tax‚Äîfor Now - Decrypt,,2,0
2022-05-26 13:28:45,uy7nf0,Mirror Protocol allegedly set up by Do Kwon to scam retail investors | CryptoSlate,,4,0
2022-05-26 13:28:31,uy7n9h,Portuguese Congress Rejects Two Bills Seeking to Tax Crypto,,2,0
2022-05-26 13:28:13,uy7n1f,Bitcoin price: JPMorgan backs cryptocurrency over real estate,,1,0
2022-05-26 13:27:54,uy7mt7,Mastercard Exec is Bullish on Crypto and Blockchain Technology,,1,0
2022-05-26 13:27:33,uy7mkz,YC W22's Stablegains Is Down 92% and Getting Sued,,1,0
2022-05-26 13:27:21,uy7mfv,The recent market sell-off ‚Äòhas not deterred‚Äô crypto investors: Grayscale CEO,,7,0
2022-05-26 13:27:01,uy7m6l,US Senator Cruz 'Incredibly Bullish' on Bitcoin ‚Äî Says 'I Have a Weekly Buy',,1,0
2022-05-26 13:26:32,uy7lux,Bill Miller Says Bitcoin Is Insurance Against Financial Catastrophe,,1,0
2022-05-26 13:25:37,uy7l7h,Ethereum Beacon Chain Suffers Longest Blockchain 'Reorg' in Years - Decrypt,,1,0
2022-05-26 13:22:37,uy7j25,WOW MetaGods has a Unique LAND ownership benefits and game interaction during play.,[removed],1,0
2022-05-26 13:06:18,uy77sy,The Value of Tokenized Real Estate Will Largely Depend on Who is Managing the Portfolio.,"Tokenization turns real estate into a fully liquid crypto asset. Properties are held in standalone corporations whose shares are represented by Asset Tokens. By owning the Asset Tokens, you become a legal shareholder of the asset. Asset Tokens are collateralized by the value of the underlying real estate asset, allowing investors to benefit from real estate appreciation over time. Tokenization of real estate allows you to go through the entire process of owning a stake in property from KYC to purchasing all in a few minutes. A tokenization system links the original data to a token but does not provide any way to decipher the token and reveal the original data. As with any system, security tokens are not flawless. Thief, lost, inability to access and the list continues depending on who you speak with. 

In the US there are just over 11 RE projects on blockchain, however, a few are attempting to lead the charge, and more are preparing to join in. In years past real estate token companies have been called out as a scam, but with more reputable firms getting into the arena that has been changing. I found a couple of companies in the space that have piqued my interest.

**Landshare.io** \- Asset Tokens are tradeable against a BUSD pair on a Decentralized Exchange. They offer a tokenized house flip, allowing for lump sum returns on a house renovation. Also allows 3rd parties to sell tokenized assets on the Landshare platform.

**USPC.io -** USPC will be a security token based on physical assets (holding $400m of luxury real estate). Their sponsor Primior Inc. has enough assets on hand to securitize tokens and collateralize the raise. USPC intends to be the first SEC-regulated security token pegged to the value of income producing real estate. They haven't launched yet but their waitlist is now open.

**NYCREC.io** \-  NYCREC is tokenizing the New York City real estate space by offering fractional interest in acquired properties and paying token holders in Ethereum dividends. Token holders would be periodically benefited from the dividends reaped through their profit. Token holders can enjoy some of the benefits that come with owning real estate.

There are others coming and the line is getting longer. I think their success will be largely determined by who is behind the project, experienced players in the real estate industry, and not just a board filled with Wallstreet traders.",140,0
2022-05-26 12:56:02,uy70ee,"I'd rather cope with high gas prices and other Ethereum difficulties than accept Solana to be the ""Ethereum killer""","What are your thoughts on the forecast that Solana will face off against Ethereum? That was a comment made by Michael Saylor, CEO of MicroStrategy, that I read about a few days ago.  


I'm aware that it's a bad time to say anything like that because the Ethereum community is furious over their platform further delaying the Merge. We've all been looking for all sorts of solutions for cheaper gas prices over the years, and I know from personal experience how frustrating it can be until you discover the correct one, which in my case is Metis.  


People referred to Solana as the ""Ethereum killer"" when it was first introduced.  


It rose to prominence as a reactive blockchain that filled gaps in the Ethereum blockchain. With a transaction pace of around 60000 per second, Solana is one of the fastest layer-one blockchains. It is a far more efficient, highly scalable, and low-fee blockchain that is currently in its early stages.  


In comparison, Ethereum not only has a larger NFT marketplace than Solana, but it is also the flagship altcoin and the second-largest cryptocurrency by market capitalization. It stands out in terms of decentralization and is backed by the extremely efficient Ethereum Foundation. It enables multi-chain networks, which dramatically enhances scalability while maintaining security.  


The blockchain will launch its hard split known as the Merge this year. Many members of the Ethereum community are optimistic about it. Do you believe Solana can compete with Ethereum?",7,0
2022-05-26 12:32:43,uy6kyr,"ECB: 1 in 10 households in Eurozone population centres now own cryptocurrencies - CoinYuppie: Bitcoin, Ethereum, Metaverse, NFT, DAO, DeFi, Dogecoin, Crypto News",,1,0
2022-05-26 12:16:43,uy6agu,Autonio NIOX Price Prediction 2022-2030: How soon to reach $1?,,0,0
2022-05-26 12:11:39,uy6775,Solana Network Overtakes Ethereum NFT Volume by a Minimal Margin,,0,0
2022-05-26 12:11:17,uy66xp,Ethereum Co-Founder: Pay More Attention To What Backs Your Crypto Assets - Vauld Insights,,1,0
2022-05-26 12:10:56,uy66pm,"Coinbase Exit From India was Pressured By Government and RBI: Says CEO, Armstrong",,1,0
2022-05-26 12:10:27,uy66ep,"Binance in Expansion Mode, Signs MoU With Kazakhstan Ministry",,0,0
2022-05-26 12:09:38,uy65to,Circle Asks US Fed Not to Step on Its Toes by Launching a Digital Dollar,"Circle Internet Financial is arguing that the U.S. Federal Reserve should pass on launching its own digital dollar, arguing that it could strangle private-sector efforts such as Circle‚Äôs to manage their own dollar-based tokens.
And Circle, the issuer of the USDC stablecoin, said in a comment letter to the Fed that its token is already meeting ‚Äúmany of the potential benefits‚Äù of a central bank digital currency (CBDC) in the U.S.

‚ÄúA host of companies, including Circle, have leveraged blockchain technology to support trillions of dollars of economic activity with fiat-referenced stablecoins,‚Äù the company told the Fed in a letter released Wednesday, meant to respond to the Fed‚Äôs invitation to comment on a January report. ‚ÄúThe introduction of a CBDC by the Federal Reserve could have a chilling effect on new innovations.‚Äù

The stablecoin industry has been suffering collateral damage recently from the ugly collapse of TerraUSD (UST), though that was an algorithmic stablecoin, not one backed by reserves. Boston-based Circle made a case to the Fed that its stablecoin ‚Äì which ranks second by global market cap ‚Äì is backed by ‚Äúcash and short-duration U.S. government obligations‚Äù and the company assures the public regularly with attestations about the content of those reserves.
‚ÄúUSDC does not detract from, but in fact supports, the dollar‚Äôs role as the world‚Äôs reserve currency,‚Äù the company argued.

Circle also underlined potential harms a digital dollar might pose to traditional banking, which the banking industry itself pointed out in its own letters. The stablecoin issuer left the Fed with a remark that‚Äôs a common refrain among technology-intensive industries:
‚ÄúIt could be challenging for the Federal Reserve to issue a CBDC on a technology standard that does not quickly become obsolete, given the pace of technological advancements,‚Äù Circle argued in its letter, which added that the company does support a comprehensive regulatory structure for crypto in the U.S.
Fed officials have routinely said the U.S. central bank doesn‚Äôt intend to move forward on a CBDC without backing from the White House and Congress.",1,0
2022-05-26 12:09:25,uy65oh,"Crypto Exchanges Including Binance, FTX To Support 'Terra 2.0' Relaunch - Decrypt",,0,0
